<?xml version="1.0" encoding="UTF-8" standalone="no" ?>
<prdf xmlns="http://www.gisplan.com.br/xmlsat" generator="G2T" generatorVersion="4.1.0" xmlns:xsi="http://www.w3.org/2001/XMLSchema-instance" xsi:schemaLocation="http://www.gisplan.com.br/xmlsat /usr/local/etc/../etc/schemas/prdf.xsd">

  <satellite>
    <name>LANDSAT</name>
    <number>5</number>
    <instrument channel="1">TM</instrument>
  </satellite>

  <software>G2T</software>

  <version>4.1.0</version>

  <revolutionNumber>42495</revolutionNumber>

  <imageMode>VIEW</imageMode>

  <availableBands>
    <band gain="1">1</band>
    <band gain="1">2</band>
    <band gain="1">3</band>
    <band gain="1">4</band>
    <band gain="1">5</band>
    <band gain="1">6</band>
    <band gain="1">7</band>
  </availableBands>

  <orientationAngle>
    <degree>8</degree>
    <minute>11</minute>
    <second>59</second>
    <millisecond>923</millisecond>
  </orientationAngle>

  <sunIncidenceAngle>
    <degree>29</degree>
    <minute>10</minute>
    <second>48</second>
    <millisecond>227</millisecond>
  </sunIncidenceAngle>

  <viewing>
    <begin>2010-12-15T13:38:26.854</begin>
    <center>2010-12-15T13:38:39.779</center>
    <end>2010-12-15T13:38:52.704</end>
  </viewing>

  <reception>
    <begin>2010-12-15T13:38:26.864</begin>
    <center>2010-12-15T13:38:39.790</center>
    <end>2010-12-15T13:38:52.715</end>
  </reception>

  <image>
    <receivingStation>Cuiaba</receivingStation>
    <processingStation>Cachoeira Paulista</processingStation>
    <processingTime>2010-12-15T20:30:12.814878</processingTime>
    <level>2</level>
    <columns>1978</columns>
    <lines>1694</lines>
    <verticalPixelSize>120.000000</verticalPixelSize>
    <horizontalPixelSize>120.000000</horizontalPixelSize>
    <orbitDirection>Descending</orbitDirection>
    <timeStamp>
      <begin>2010-12-15T13:38:26.921145</begin>
      <center>2010-12-15T13:38:39.803922</center>
      <end>2010-12-15T13:38:52.691141</end>
    </timeStamp>
    <path>226</path>
    <row>79</row>
    <shiftFromNominal>0</shiftFromNominal>
    <shiftFromNominalInSeconds>0</shiftFromNominalInSeconds>
    <shiftFromNominalInPercent>0</shiftFromNominalInPercent>
    <sunPosition>
      <elevation>61.154</elevation>
      <sunAzimuth>89.0716</sunAzimuth>
    </sunPosition>
    <boresight>
      <bX>0.136358</bX>
      <bY>-0.0265767</bY>
      <bZ>-0.0307381</bZ>
    </boresight>
    <ephemerisMode>AUTO</ephemerisMode>
    <boundingBox>
      <UL>
        <line>8.000000</line>
        <column>0.000000</column>
        <latitude>-26.502031</latitude>
        <longitude>-59.571422</longitude>
        <northing>7066150</northing>
        <easting>243710</easting>
      </UL>
      <UR>
        <line>8.000000</line>
        <column>1580.000000</column>
        <latitude>-26.525087</latitude>
        <longitude>-57.190006</longitude>
        <northing>7066150</northing>
        <easting>481070</easting>
      </UR>
      <LR>
        <line>1441.000000</line>
        <column>1580.000000</column>
        <latitude>-28.360834</latitude>
        <longitude>-57.193177</longitude>
        <northing>6862810</northing>
        <easting>481070</easting>
      </LR>
      <LL>
        <line>1441.000000</line>
        <column>0.000000</column>
        <latitude>-28.335908</latitude>
        <longitude>-59.614280</longitude>
        <northing>6862810</northing>
        <easting>243710</easting>
      </LL>
      <CT>
        <line>724.000000</line>
        <column>790.000000</column>
        <latitude>-27.436196</latitude>
        <longitude>-58.392319</longitude>
        <northing>6964480</northing>
        <easting>362390</easting>
      </CT>
    </boundingBox>
    <imageData>
      <UL>
        <line>9.528171</line>
        <column>361.479720</column>
        <latitude>-26.519527</latitude>
        <longitude>-59.136661</longitude>
        <northing>7065007</northing>
        <easting>287087</easting>
      </UL>
      <UR>
        <line>248.790046</line>
        <column>1924.654849</column>
        <latitude>-26.794544</latitude>
        <longitude>-57.254856</longitude>
        <northing>7036295</northing>
        <easting>474669</easting>
      </UR>
      <LR>
        <line>1683.901555</line>
        <column>1619.686496</column>
        <latitude>-28.348027</latitude>
        <longitude>-57.631876</longitude>
        <northing>6864082</northing>
        <easting>438072</easting>
      </LR>
      <LL>
        <line>1446.885696</line>
        <column>54.278704</column>
        <latitude>-28.069204</latitude>
        <longitude>-59.541541</longitude>
        <northing>6892524</northing>
        <easting>250223</easting>
      </LL>
      <CT>
        <line>847.276367</line>
        <column>990.024942</column>
        <latitude>-27.432825</latitude>
        <longitude>-58.391234</longitude>
        <northing>6964855</northing>
        <easting>362493</easting>
      </CT>
    </imageData>
    <attitudes>
      <attitude description="PACDB_AOCC">
        <time>2010-12-15T13:38:24</time>
        <roll>0.0069736</roll>
        <pitch>0.0066888</pitch>
        <yaw>0.00155374</yaw>
        <deltaRoll>-1.52956e-07</deltaRoll>
        <deltaPitch>-8.83319e-08</deltaPitch>
        <deltaYaw>-1.08376e-08</deltaYaw>
      </attitude>
      <attitude description="PACDB_AOCC">
        <time>2010-12-15T13:38:25</time>
        <roll>0.0069736</roll>
        <pitch>0.0066888</pitch>
        <yaw>0.00155374</yaw>
        <deltaRoll>-1.52956e-07</deltaRoll>
        <deltaPitch>-8.83319e-08</deltaPitch>
        <deltaYaw>-1.08376e-08</deltaYaw>
      </attitude>
      <attitude description="PACDB_AOCC">
        <time>2010-12-15T13:38:26</time>
        <roll>0.0069736</roll>
        <pitch>0.0066888</pitch>
        <yaw>0.00155374</yaw>
        <deltaRoll>-1.52956e-07</deltaRoll>
        <deltaPitch>-8.83319e-08</deltaPitch>
        <deltaYaw>-1.08376e-08</deltaYaw>
      </attitude>
      <attitude description="PACDB_AOCC">
        <time>2010-12-15T13:38:27</time>
        <roll>0.0069736</roll>
        <pitch>0.0066888</pitch>
        <yaw>0.00155374</yaw>
        <deltaRoll>-1.52956e-07</deltaRoll>
        <deltaPitch>-8.83319e-08</deltaPitch>
        <deltaYaw>-1.08376e-08</deltaYaw>
      </attitude>
      <attitude description="PACDB_AOCC">
        <time>2010-12-15T13:38:28</time>
        <roll>0.0069736</roll>
        <pitch>0.0066888</pitch>
        <yaw>0.00155374</yaw>
        <deltaRoll>-1.52956e-07</deltaRoll>
        <deltaPitch>-8.83319e-08</deltaPitch>
        <deltaYaw>-1.08376e-08</deltaYaw>
      </attitude>
      <attitude description="PACDB_AOCC">
        <time>2010-12-15T13:38:29</time>
        <roll>0.0069736</roll>
        <pitch>0.0066888</pitch>
        <yaw>0.00155374</yaw>
        <deltaRoll>-1.52956e-07</deltaRoll>
        <deltaPitch>-8.83319e-08</deltaPitch>
        <deltaYaw>-1.08376e-08</deltaYaw>
      </attitude>
      <attitude description="PACDB_AOCC">
        <time>2010-12-15T13:38:30</time>
        <roll>0.0069736</roll>
        <pitch>0.0066888</pitch>
        <yaw>0.00155374</yaw>
        <deltaRoll>-1.52956e-07</deltaRoll>
        <deltaPitch>-8.83319e-08</deltaPitch>
        <deltaYaw>-1.08376e-08</deltaYaw>
      </attitude>
      <attitude description="PACDB_AOCC">
        <time>2010-12-15T13:38:31</time>
        <roll>0.0069736</roll>
        <pitch>0.0066888</pitch>
        <yaw>0.00155374</yaw>
        <deltaRoll>-1.52956e-07</deltaRoll>
        <deltaPitch>-8.83319e-08</deltaPitch>
        <deltaYaw>-1.08376e-08</deltaYaw>
      </attitude>
      <attitude description="PACDB_AOCC">
        <time>2010-12-15T13:38:32</time>
        <roll>0.0069736</roll>
        <pitch>0.0066888</pitch>
        <yaw>0.00155374</yaw>
        <deltaRoll>-1.52956e-07</deltaRoll>
        <deltaPitch>-8.83319e-08</deltaPitch>
        <deltaYaw>-1.08376e-08</deltaYaw>
      </attitude>
      <attitude description="PACDB_AOCC">
        <time>2010-12-15T13:38:33</time>
        <roll>0.0069736</roll>
        <pitch>0.0066888</pitch>
        <yaw>0.00155374</yaw>
        <deltaRoll>-1.52956e-07</deltaRoll>
        <deltaPitch>-8.83319e-08</deltaPitch>
        <deltaYaw>-1.08376e-08</deltaYaw>
      </attitude>
      <attitude description="PACDB_AOCC">
        <time>2010-12-15T13:38:34</time>
        <roll>0.0069736</roll>
        <pitch>0.0066888</pitch>
        <yaw>0.00155374</yaw>
        <deltaRoll>-1.52956e-07</deltaRoll>
        <deltaPitch>-8.83319e-08</deltaPitch>
        <deltaYaw>-1.08376e-08</deltaYaw>
      </attitude>
      <attitude description="PACDB_AOCC">
        <time>2010-12-15T13:38:35</time>
        <roll>0.0069736</roll>
        <pitch>0.0066888</pitch>
        <yaw>0.00155374</yaw>
        <deltaRoll>-1.52956e-07</deltaRoll>
        <deltaPitch>-8.83319e-08</deltaPitch>
        <deltaYaw>-1.08376e-08</deltaYaw>
      </attitude>
      <attitude description="PACDB_AOCC">
        <time>2010-12-15T13:38:36</time>
        <roll>0.0069736</roll>
        <pitch>0.0066888</pitch>
        <yaw>0.00155374</yaw>
        <deltaRoll>-1.52956e-07</deltaRoll>
        <deltaPitch>-8.83319e-08</deltaPitch>
        <deltaYaw>-1.08376e-08</deltaYaw>
      </attitude>
      <attitude description="PACDB_AOCC">
        <time>2010-12-15T13:38:37</time>
        <roll>0.0069736</roll>
        <pitch>0.0066888</pitch>
        <yaw>0.00155374</yaw>
        <deltaRoll>-1.52956e-07</deltaRoll>
        <deltaPitch>-8.83319e-08</deltaPitch>
        <deltaYaw>-1.08376e-08</deltaYaw>
      </attitude>
      <attitude description="PACDB_AOCC">
        <time>2010-12-15T13:38:38</time>
        <roll>0.0069736</roll>
        <pitch>0.0066888</pitch>
        <yaw>0.00155374</yaw>
        <deltaRoll>-1.52956e-07</deltaRoll>
        <deltaPitch>-8.83319e-08</deltaPitch>
        <deltaYaw>-1.08376e-08</deltaYaw>
      </attitude>
      <attitude description="PACDB_AOCC">
        <time>2010-12-15T13:38:39</time>
        <roll>0.0069736</roll>
        <pitch>0.0066888</pitch>
        <yaw>0.00155374</yaw>
        <deltaRoll>-1.52956e-07</deltaRoll>
        <deltaPitch>-8.83319e-08</deltaPitch>
        <deltaYaw>-1.08376e-08</deltaYaw>
      </attitude>
      <attitude description="PACDB_AOCC">
        <time>2010-12-15T13:38:40</time>
        <roll>0.0069736</roll>
        <pitch>0.0066888</pitch>
        <yaw>0.00155374</yaw>
        <deltaRoll>-1.52956e-07</deltaRoll>
        <deltaPitch>-8.83319e-08</deltaPitch>
        <deltaYaw>-1.08376e-08</deltaYaw>
      </attitude>
      <attitude description="PACDB_AOCC">
        <time>2010-12-15T13:38:41</time>
        <roll>0.0069736</roll>
        <pitch>0.0066888</pitch>
        <yaw>0.00155374</yaw>
        <deltaRoll>-1.52956e-07</deltaRoll>
        <deltaPitch>-8.83319e-08</deltaPitch>
        <deltaYaw>-1.08376e-08</deltaYaw>
      </attitude>
      <attitude description="PACDB_AOCC">
        <time>2010-12-15T13:38:42</time>
        <roll>0.0069736</roll>
        <pitch>0.0066888</pitch>
        <yaw>0.00155374</yaw>
        <deltaRoll>-1.52956e-07</deltaRoll>
        <deltaPitch>-8.83319e-08</deltaPitch>
        <deltaYaw>-1.08376e-08</deltaYaw>
      </attitude>
      <attitude description="PACDB_AOCC">
        <time>2010-12-15T13:38:43</time>
        <roll>0.0069736</roll>
        <pitch>0.0066888</pitch>
        <yaw>0.00155374</yaw>
        <deltaRoll>-1.52956e-07</deltaRoll>
        <deltaPitch>-8.83319e-08</deltaPitch>
        <deltaYaw>-1.08376e-08</deltaYaw>
      </attitude>
      <attitude description="PACDB_AOCC">
        <time>2010-12-15T13:38:44</time>
        <roll>0.0069736</roll>
        <pitch>0.0066888</pitch>
        <yaw>0.00155374</yaw>
        <deltaRoll>-1.52956e-07</deltaRoll>
        <deltaPitch>-8.83319e-08</deltaPitch>
        <deltaYaw>-1.08376e-08</deltaYaw>
      </attitude>
      <attitude description="PACDB_AOCC">
        <time>2010-12-15T13:38:45</time>
        <roll>0.0069736</roll>
        <pitch>0.0066888</pitch>
        <yaw>0.00155374</yaw>
        <deltaRoll>-1.52956e-07</deltaRoll>
        <deltaPitch>-8.83319e-08</deltaPitch>
        <deltaYaw>-1.08376e-08</deltaYaw>
      </attitude>
      <attitude description="PACDB_AOCC">
        <time>2010-12-15T13:38:46</time>
        <roll>0.0069736</roll>
        <pitch>0.0066888</pitch>
        <yaw>0.00155374</yaw>
        <deltaRoll>-1.52956e-07</deltaRoll>
        <deltaPitch>-8.83319e-08</deltaPitch>
        <deltaYaw>-1.08376e-08</deltaYaw>
      </attitude>
      <attitude description="PACDB_AOCC">
        <time>2010-12-15T13:38:47</time>
        <roll>0.0069736</roll>
        <pitch>0.0066888</pitch>
        <yaw>0.00155374</yaw>
        <deltaRoll>-1.52956e-07</deltaRoll>
        <deltaPitch>-8.83319e-08</deltaPitch>
        <deltaYaw>-1.08376e-08</deltaYaw>
      </attitude>
      <attitude description="PACDB_AOCC">
        <time>2010-12-15T13:38:48</time>
        <roll>0.0069736</roll>
        <pitch>0.0066888</pitch>
        <yaw>0.00155374</yaw>
        <deltaRoll>-1.52956e-07</deltaRoll>
        <deltaPitch>-8.83319e-08</deltaPitch>
        <deltaYaw>-1.08376e-08</deltaYaw>
      </attitude>
      <attitude description="PACDB_AOCC">
        <time>2010-12-15T13:38:49</time>
        <roll>0.0069736</roll>
        <pitch>0.0066888</pitch>
        <yaw>0.00155374</yaw>
        <deltaRoll>-1.52956e-07</deltaRoll>
        <deltaPitch>-8.83319e-08</deltaPitch>
        <deltaYaw>-1.08376e-08</deltaYaw>
      </attitude>
      <attitude description="PACDB_AOCC">
        <time>2010-12-15T13:38:50</time>
        <roll>0.0069736</roll>
        <pitch>0.0066888</pitch>
        <yaw>0.00155374</yaw>
        <deltaRoll>-1.52956e-07</deltaRoll>
        <deltaPitch>-8.83319e-08</deltaPitch>
        <deltaYaw>-1.08376e-08</deltaYaw>
      </attitude>
      <attitude description="PACDB_AOCC">
        <time>2010-12-15T13:38:51</time>
        <roll>0.0069736</roll>
        <pitch>0.0066888</pitch>
        <yaw>0.00155374</yaw>
        <deltaRoll>-1.52956e-07</deltaRoll>
        <deltaPitch>-8.83319e-08</deltaPitch>
        <deltaYaw>-1.08376e-08</deltaYaw>
      </attitude>
      <attitude description="PACDB_AOCC">
        <time>2010-12-15T13:38:52</time>
        <roll>0.0069736</roll>
        <pitch>0.0066888</pitch>
        <yaw>0.00155374</yaw>
        <deltaRoll>-1.52956e-07</deltaRoll>
        <deltaPitch>-8.83319e-08</deltaPitch>
        <deltaYaw>-1.08376e-08</deltaYaw>
      </attitude>
      <attitude description="PACDB_AOCC">
        <time>2010-12-15T13:38:53</time>
        <roll>0.0069736</roll>
        <pitch>0.0066888</pitch>
        <yaw>0.00155374</yaw>
        <deltaRoll>-1.52956e-07</deltaRoll>
        <deltaPitch>-8.83319e-08</deltaPitch>
        <deltaYaw>-1.08376e-08</deltaYaw>
      </attitude>
      <attitude description="PACDB_AOCC">
        <time>2010-12-15T13:38:54</time>
        <roll>0.0069736</roll>
        <pitch>0.0066888</pitch>
        <yaw>0.00155374</yaw>
        <deltaRoll>-1.52956e-07</deltaRoll>
        <deltaPitch>-8.83319e-08</deltaPitch>
        <deltaYaw>-1.08376e-08</deltaYaw>
      </attitude>
      <attitude description="PACDB_AOCC">
        <time>2010-12-15T13:38:55</time>
        <roll>0.0069736</roll>
        <pitch>0.0066888</pitch>
        <yaw>0.00155374</yaw>
        <deltaRoll>-1.52956e-07</deltaRoll>
        <deltaPitch>-8.83319e-08</deltaPitch>
        <deltaYaw>-1.08376e-08</deltaYaw>
      </attitude>
    </attitudes>
    <ephemerides>
      <ephemeris description="TLE">
        <time>2010-12-15T13:38:24</time>
        <x>3351693.512478</x>
        <y>-5393150.494320</y>
        <z>-3142374.736529</z>
        <vx>-3139.332400</vx>
        <vy>1909.779026</vy>
        <vz>-6638.345939</vz>
      </ephemeris>
      <ephemeris description="TLE">
        <time>2010-12-15T13:38:25</time>
        <x>3348552.453883</x>
        <y>-5391237.467863</y>
        <z>-3149011.316496</z>
        <vx>-3142.790703</vx>
        <vy>1916.252559</vy>
        <vz>-6634.810659</vz>
      </ephemeris>
      <ephemeris description="TLE">
        <time>2010-12-15T13:38:26</time>
        <x>3345407.939278</x>
        <y>-5389317.968692</y>
        <z>-3155644.357461</z>
        <vx>-3146.244527</vx>
        <vy>1922.724411</vy>
        <vz>-6631.267950</vz>
      </ephemeris>
      <ephemeris description="TLE">
        <time>2010-12-15T13:38:27</time>
        <x>3342259.973162</x>
        <y>-5387391.998480</y>
        <z>-3162273.851996</z>
        <vx>-3149.693868</vx>
        <vy>1929.194575</vy>
        <vz>-6627.717815</vz>
      </ephemeris>
      <ephemeris description="TLE">
        <time>2010-12-15T13:38:28</time>
        <x>3339108.559982</x>
        <y>-5385459.558943</y>
        <z>-3168899.792679</z>
        <vx>-3153.138722</vx>
        <vy>1935.663042</vy>
        <vz>-6624.160260</vz>
      </ephemeris>
      <ephemeris description="TLE">
        <time>2010-12-15T13:38:29</time>
        <x>3335953.704224</x>
        <y>-5383520.651781</y>
        <z>-3175522.172091</z>
        <vx>-3156.579087</vx>
        <vy>1942.129806</vy>
        <vz>-6620.595288</vz>
      </ephemeris>
      <ephemeris description="TLE">
        <time>2010-12-15T13:38:30</time>
        <x>3332795.410441</x>
        <y>-5381575.278666</y>
        <z>-3182140.982818</z>
        <vx>-3160.014958</vx>
        <vy>1948.594857</vy>
        <vz>-6617.022903</vz>
      </ephemeris>
      <ephemeris description="TLE">
        <time>2010-12-15T13:38:31</time>
        <x>3329633.683068</x>
        <y>-5379623.441351</y>
        <z>-3188756.217448</z>
        <vx>-3163.446332</vx>
        <vy>1955.058188</vy>
        <vz>-6613.443110</vz>
      </ephemeris>
      <ephemeris description="TLE">
        <time>2010-12-15T13:38:32</time>
        <x>3326468.526625</x>
        <y>-5377665.141548</y>
        <z>-3195367.868576</z>
        <vx>-3166.873206</vx>
        <vy>1961.519791</vy>
        <vz>-6609.855912</vz>
      </ephemeris>
      <ephemeris description="TLE">
        <time>2010-12-15T13:38:33</time>
        <x>3323299.945612</x>
        <y>-5375700.380988</y>
        <z>-3201975.928798</z>
        <vx>-3170.295575</vx>
        <vy>1967.979658</vy>
        <vz>-6606.261314</vz>
      </ephemeris>
      <ephemeris description="TLE">
        <time>2010-12-15T13:38:34</time>
        <x>3320127.944518</x>
        <y>-5373729.161423</y>
        <z>-3208580.390718</z>
        <vx>-3173.713437</vx>
        <vy>1974.437782</vy>
        <vz>-6602.659321</vz>
      </ephemeris>
      <ephemeris description="TLE">
        <time>2010-12-15T13:38:35</time>
        <x>3316952.527929</x>
        <y>-5371751.484552</y>
        <z>-3215181.246942</z>
        <vx>-3177.126787</vx>
        <vy>1980.894154</vy>
        <vz>-6599.049935</vz>
      </ephemeris>
      <ephemeris description="TLE">
        <time>2010-12-15T13:38:36</time>
        <x>3313773.700241</x>
        <y>-5369767.352204</y>
        <z>-3221778.490079</z>
        <vx>-3180.535623</vx>
        <vy>1987.348767</vy>
        <vz>-6595.433162</vz>
      </ephemeris>
      <ephemeris description="TLE">
        <time>2010-12-15T13:38:37</time>
        <x>3310591.466069</x>
        <y>-5367776.766082</y>
        <z>-3228372.112744</z>
        <vx>-3183.939941</vx>
        <vy>1993.801612</vy>
        <vz>-6591.809005</vz>
      </ephemeris>
      <ephemeris description="TLE">
        <time>2010-12-15T13:38:38</time>
        <x>3307405.829873</x>
        <y>-5365779.727991</y>
        <z>-3234962.107556</z>
        <vx>-3187.339736</vx>
        <vy>2000.252683</vy>
        <vz>-6588.177470</vz>
      </ephemeris>
      <ephemeris description="TLE">
        <time>2010-12-15T13:38:39</time>
        <x>3304216.796197</x>
        <y>-5363776.239700</y>
        <z>-3241548.467138</z>
        <vx>-3190.735007</vx>
        <vy>2006.701970</vy>
        <vz>-6584.538559</vz>
      </ephemeris>
      <ephemeris description="TLE">
        <time>2010-12-15T13:38:40</time>
        <x>3301024.369569</x>
        <y>-5361766.302996</y>
        <z>-3248131.184118</z>
        <vx>-3194.125749</vx>
        <vy>2013.149467</vy>
        <vz>-6580.892278</vz>
      </ephemeris>
      <ephemeris description="TLE">
        <time>2010-12-15T13:38:41</time>
        <x>3297828.554498</x>
        <y>-5359749.919685</y>
        <z>-3254710.251125</z>
        <vx>-3197.511959</vx>
        <vy>2019.595165</vy>
        <vz>-6577.238630</vz>
      </ephemeris>
      <ephemeris description="TLE">
        <time>2010-12-15T13:38:42</time>
        <x>3294629.355597</x>
        <y>-5357727.091521</y>
        <z>-3261285.660797</z>
        <vx>-3200.893633</vx>
        <vy>2026.039057</vy>
        <vz>-6573.577620</vz>
      </ephemeris>
      <ephemeris description="TLE">
        <time>2010-12-15T13:38:43</time>
        <x>3291426.777286</x>
        <y>-5355697.820387</y>
        <z>-3267857.405773</z>
        <vx>-3204.270768</vx>
        <vy>2032.481135</vy>
        <vz>-6569.909252</vz>
      </ephemeris>
      <ephemeris description="TLE">
        <time>2010-12-15T13:38:44</time>
        <x>3288220.824205</x>
        <y>-5353662.108042</y>
        <z>-3274425.478698</z>
        <vx>-3207.643360</vx>
        <vy>2038.921390</vy>
        <vz>-6566.233530</vz>
      </ephemeris>
      <ephemeris description="TLE">
        <time>2010-12-15T13:38:45</time>
        <x>3285011.500818</x>
        <y>-5351619.956359</y>
        <z>-3280989.872219</z>
        <vx>-3211.011406</vx>
        <vy>2045.359815</vy>
        <vz>-6562.550458</vz>
      </ephemeris>
      <ephemeris description="TLE">
        <time>2010-12-15T13:38:46</time>
        <x>3281798.811753</x>
        <y>-5349571.367124</y>
        <z>-3287550.578989</z>
        <vx>-3214.374903</vx>
        <vy>2051.796402</vy>
        <vz>-6558.860042</vz>
      </ephemeris>
      <ephemeris description="TLE">
        <time>2010-12-15T13:38:47</time>
        <x>3278582.761501</x>
        <y>-5347516.342215</y>
        <z>-3294107.591666</z>
        <vx>-3217.733846</vx>
        <vy>2058.231144</vy>
        <vz>-6555.162284</vz>
      </ephemeris>
      <ephemeris description="TLE">
        <time>2010-12-15T13:38:48</time>
        <x>3275363.354618</x>
        <y>-5345454.883482</y>
        <z>-3300660.902910</z>
        <vx>-3221.088233</vx>
        <vy>2064.664032</vy>
        <vz>-6551.457190</vz>
      </ephemeris>
      <ephemeris description="TLE">
        <time>2010-12-15T13:38:49</time>
        <x>3272140.595740</x>
        <y>-5343386.992734</y>
        <z>-3307210.505387</z>
        <vx>-3224.438061</vx>
        <vy>2071.095059</vy>
        <vz>-6547.744764</vz>
      </ephemeris>
      <ephemeris description="TLE">
        <time>2010-12-15T13:38:50</time>
        <x>3268914.489311</x>
        <y>-5341312.671909</y>
        <z>-3313756.391767</z>
        <vx>-3227.783325</vx>
        <vy>2077.524216</vy>
        <vz>-6544.025009</vz>
      </ephemeris>
      <ephemeris description="TLE">
        <time>2010-12-15T13:38:51</time>
        <x>3265685.039994</x>
        <y>-5339231.922819</y>
        <z>-3320298.554724</z>
        <vx>-3231.124022</vx>
        <vy>2083.951497</vy>
        <vz>-6540.297931</vz>
      </ephemeris>
      <ephemeris description="TLE">
        <time>2010-12-15T13:38:52</time>
        <x>3262452.252280</x>
        <y>-5337144.747394</y>
        <z>-3326836.986937</z>
        <vx>-3234.460150</vx>
        <vy>2090.376892</vy>
        <vz>-6536.563533</vz>
      </ephemeris>
      <ephemeris description="TLE">
        <time>2010-12-15T13:38:53</time>
        <x>3259216.130818</x>
        <y>-5335051.147474</y>
        <z>-3333371.681089</z>
        <vx>-3237.791703</vx>
        <vy>2096.800395</vy>
        <vz>-6532.821820</vz>
      </ephemeris>
      <ephemeris description="TLE">
        <time>2010-12-15T13:38:54</time>
        <x>3255976.680124</x>
        <y>-5332951.124993</y>
        <z>-3339902.629866</z>
        <vx>-3241.118680</vx>
        <vy>2103.221997</vy>
        <vz>-6529.072797</vz>
      </ephemeris>
      <ephemeris description="TLE">
        <time>2010-12-15T13:38:55</time>
        <x>3252733.904779</x>
        <y>-5330844.681853</y>
        <z>-3346429.825960</z>
        <vx>-3244.441077</vx>
        <vy>2109.641691</vy>
        <vz>-6525.316467</vz>
      </ephemeris>
    </ephemerides>
    <interpolation>BC</interpolation>
    <datumName>WGS84</datumName>
    <semiMajorAxis>6378137.000000</semiMajorAxis>
    <flattening>0.003353</flattening>
    <xShiftToWGS84>0.000000</xShiftToWGS84>
    <yShiftToWGS84>0.000000</yShiftToWGS84>
    <zShiftToWGS84>0.000000</zShiftToWGS84>
    <projectionName>UTM</projectionName>
    <originLongitude>-57</originLongitude>
    <originLatitude>0</originLatitude>
    <scaleFactor>0.999600</scaleFactor>
    <falseEasting>500000.000000</falseEasting>
    <falseNorthing>10000000.000000</falseNorthing>
    <loadedTle>/usr/local/etc/../var/technical_database/LANDSAT-5/2010/20101215110249729.od</loadedTle>
    <loadedCalibration>/usr/local/etc/../var/technical_database/LANDSAT-5/TM/19700101000000000.cal</loadedCalibration>
    <loadedCpf>/usr/local/etc/../var/technical_database/LANDSAT-5/TM/20101001000000000.cpf</loadedCpf>
    <cpfVersion>4</cpfVersion>
    <band6>/TIFF/LANDSAT5/2010_12/LANDSAT5_TM_20101215.133523/226_079_0/2_BC_UTM_WGS84/LANDSAT_5_TM_20101215_226_079_L2_BAND6.tif</band6>
  </image>

</prdf>
